id;protocolo;titulo;alvo;denunciante;motivo;situacao;recebida;decisao;fundamento;decididaEm;criadoEm
den-1;2026/0341;Informação profissional enganosa;Otávio Castro Silva;Daniel Silva do Carmo;O perfil descreve experiência em obra que não consta no acervo técnico.;Na fila;recebida há 2 dias;;;;2026-09-20 09:00:00
den-2;2026/0338;Exigência possivelmente discriminatória;Demanda 2026/148;Paula Menezes;O texto da demanda restringe candidatos por faixa etária.;Na fila;recebida ontem;;;;2026-09-19 09:00:00
den-3;2026/0335;Contato fora da plataforma com pressão;Fábio Soares Teixeira;Verde Engenharia;O denunciante relata insistência para fechar contrato sem registro.;Na fila;recebida hoje;;;;2026-09-18 09:00:00
den-4;2026/0332;Documento de terceiro no portfólio;Demanda 2026/140;Vanessa Teixeira Dias;Foto de obra atribuída a outra empresa no portfólio.;Na fila;recebida há 3 dias;;;;2026-09-17 09:00:00
den-5;2026/0329;Demanda com valor incompatível;Pedro Santana Freitas;Climatiza Norte;Valor anunciado muito abaixo do mínimo praticado para o serviço.;Decidida;;Conteúdo mantido;Analisado pela equipe do Crea-AM conforme os termos de uso.;18/09/2026;2026-09-16 09:00:00
den-6;2026/0326;Avaliação ofensiva;Demanda 2026/120;Norte Projetos;Comentário com linguagem ofensiva em avaliação recebida.;Decidida;;Conteúdo mantido;Analisado pela equipe do Crea-AM conforme os termos de uso.;10/09/2026;2026-09-15 09:00:00
den-7;2026/0323;Perfil duplicado;Paula Barbosa Dias;Vanessa Teixeira Dias;Duas contas com o mesmo nome e registro.;Decidida;;Conteúdo removido;Analisado pela equipe do Crea-AM conforme os termos de uso.;05/09/2026;2026-09-14 09:00:00
den-8;2026/0320;Anúncio de serviço sem registro;Demanda 2026/164;Porto Velho Engenharia;Demanda pede assinatura de ART por quem não tem registro.;Decidida;;Conteúdo removido;Analisado pela equipe do Crea-AM conforme os termos de uso.;20/09/2026;2026-09-13 09:00:00
den-9;2026/0344;Registro profissional divergente;Paula Menezes;TechSolut Engenharia;O número de registro informado no perfil não corresponde ao nome na consulta pública do Crea.;Na fila;recebida hoje;;;;2026-09-25 08:00:00
den-10;2026/0346;ART assinada fora da atribuição;Raquel Souza Castro;Construtora Alfa;Profissional se apresenta para projeto elétrico, mas a atribuição dele é só civil.;Na fila;recebida hoje;;;;2026-09-25 11:17:00
den-11;2026/0348;Demanda sem responsável técnico;Demanda 2026/131 · Drenagem urbana;Camila Ribeiro Oliveira;A demanda pede execução de obra sem prever responsável técnico com registro ativo.;Na fila;recebida ontem;;;;2026-09-25 14:34:00
den-12;2026/0350;Pedido de pagamento antecipado;Prefeitura de Iranduba;Rafael Souza;A empresa pediu depósito de taxa de cadastro para liberar a vaga.;Na fila;recebida ontem;;;;2026-09-24 17:51:00
den-13;2026/0352;Acervo com CAT de outra pessoa;Wagner Oliveira Barbosa;Rio Negro Construções;A CAT anexada ao portfólio está em nome de outro engenheiro.;Na fila;recebida há 2 dias;;;;2026-09-24 10:08:00
den-14;2026/0354;Mensagem com linguagem ofensiva;Débora Queiroz Souza;Verde Engenharia;Resposta com xingamentos depois de a candidatura ser recusada.;Na fila;recebida há 3 dias;;;;2026-09-24 13:25:00
den-15;2026/0356;Exigência de gênero na demanda;Demanda 2026/158 · SPDA e aterramento;Fábio Oliveira Barbosa;O texto da demanda diz que a vaga é só para homens.;Na fila;recebida hoje;;;;2026-09-23 16:42:00
den-16;2026/0358;Empresa sem registro no Crea;Solimões Energia;Leonardo Almeida Cardoso;A empresa publica demandas de engenharia, mas não aparece como registrada no Crea-AM.;Na fila;recebida hoje;;;;2026-09-23 09:59:00
den-17;2026/0360;Avaliação falsa;Sérgio Martins Moraes;Tarumã Incorporadora;Avaliação de cinco estrelas feita por conta ligada ao próprio profissional.;Na fila;recebida ontem;;;;2026-09-23 12:16:00
den-18;2026/0362;Contato pessoal no anúncio;Demanda 2026/129 · Laudo de estrutura de concreto;Tatiane Vieira Soares;A demanda pede para chamar no telefone pessoal e fechar fora da plataforma.;Na fila;recebida ontem;;;;2026-09-22 15:33:00
den-19;2026/0364;Diploma possivelmente adulterado;Leonardo Santana Cardoso;Norte Projetos;O certificado de especialização anexado tem data e instituição inconsistentes.;Na fila;recebida há 2 dias;;;;2026-09-22 08:50:00
den-20;2026/0366;Prazo impossível com risco à segurança;Demanda 2026/157 · Inspeção de vasos de pressão;Priscila Costa Silva;Laudo estrutural exigido em 24 horas para prédio com sinais de recalque.;Na fila;recebida há 3 dias;;;;2026-09-22 11:07:00
den-21;2026/0368;Perfil com foto de terceiros;Helena Nascimento Rocha;Lucas Martins;A foto de perfil é de outro profissional conhecido na região.;Na fila;recebida hoje;;;;2026-09-21 14:24:00
den-22;2026/0370;Valor abaixo do piso salarial;Demanda 2026/128 · Recuperação de área degradada;Paula Barbosa Dias;Remuneração oferecida abaixo do salário mínimo profissional da engenharia.;Na fila;recebida hoje;;;;2026-09-21 17:41:00
den-23;2026/0372;Spam de propostas;Madeira Infraestrutura;Otávio Castro Silva;A empresa manda a mesma proposta genérica para dezenas de profissionais por dia.;Na fila;recebida ontem;;;;2026-09-21 10:58:00
den-24;2026/0374;Exercício ilegal da profissão;Henrique Almeida Lopes;Ponta Negra Empreendimentos;Pessoa sem registro se apresenta como engenheira e oferece assinar projetos.;Na fila;recebida ontem;;;;2026-09-20 13:15:00
den-25;2026/0376;Dados pessoais expostos em mensagem;Igarapé Consultoria Ambiental;Bruno Ferreira Silva;A empresa repassou CPF e endereço de candidatos em conversa com terceiros.;Na fila;recebida há 2 dias;;;;2026-09-20 16:32:00
den-26;2026/0378;Documento vencido no perfil;Yasmin Farias Castro;Fluvial Logística do Norte;A certidão de registro exibida no perfil venceu há mais de um ano.;Decidida;;Conteúdo removido;Analisado pela equipe do Crea-AM conforme os termos de uso.;19/09/2026;2026-09-20 09:49:00
den-27;2026/0380;Demanda duplicada;Demanda 2026/155 · Projeto de climatização;AgroVale Amazonas;A mesma demanda foi publicada três vezes com títulos diferentes.;Decidida;;Conteúdo removido;Analisado pela equipe do Crea-AM conforme os termos de uso.;18/09/2026;2026-09-19 12:06:00
den-28;2026/0382;Crítica técnica considerada ofensiva;Letícia Carvalho Castro;Hospital Cidade Nova;Comentário técnico duro, mas sem ofensa pessoal, em avaliação.;Decidida;;Conteúdo mantido;Analisado pela equipe do Crea-AM conforme os termos de uso.;18/09/2026;2026-09-19 15:23:00
