id;nome;iniciais;cor;titulo;registro;rnp;cidade;uf;nota;avaliacoes;verificado;atendeEstado;areas;acervoPorArea;competencias;acervo;resumo
prof-001;Daniel Silva do Carmo;DC;avatar-roxo;Engenheiro civil;CREA-AM 031947/D;2618479301;Manaus;AM;4.5;23;sim;sim;"[""Estrutural"", ""Hidráulica"", ""Elétrica"", ""BIM""]";"{""Estrutural"": 5, ""Hidráulica"": 1, ""Elétrica"": 1, ""BIM"": 1}";"[""Cálculo estrutural"", ""Concreto armado"", ""Fundações profundas"", ""Laudos técnicos"", ""Reforço estrutural"", ""BIM · Revit Structure""]";"[{""tipo"": ""ART"", ""numero"": ""2026/123456"", ""atividade"": ""Projeto estrutural residencial de 18 pavimentos"", ""area"": ""Estrutural""}, {""tipo"": ""ART"", ""numero"": ""2026/123455"", ""atividade"": ""Laudo técnico estrutural de galpão"", ""area"": ""Estrutural""}, {""tipo"": ""ART"", ""numero"": ""2025/118320"", ""atividade"": ""Projeto de reforço de estrutura de concreto"", ""area"": ""Estrutural""}, {""tipo"": ""CAT"", ""numero"": ""2025/0881"", ""atividade"": ""Execução de fundação profunda"", ""area"": ""Estrutural""}, {""tipo"": ""ART"", ""numero"": ""2025/104877"", ""atividade"": ""Fiscalização de obra vertical"", ""area"": ""Estrutural""}, {""tipo"": ""ART"", ""numero"": ""2026/123454"", ""atividade"": ""Instalações hidráulicas prediais"", ""area"": ""Hidráulica""}, {""tipo"": ""ART"", ""numero"": ""2026/123451"", ""atividade"": ""Projeto elétrico e SPDA de indústria"", ""area"": ""Elétrica""}, {""tipo"": ""ART"", ""numero"": ""2024/087612"", ""atividade"": ""Modelagem BIM estrutural e compatibilização"", ""area"": ""BIM""}]";Engenheiro civil (UFAM, 2018), pós-graduado em estruturas de concreto. Oito anos em projeto estrutural, laudos e fiscalização de obras verticais em Manaus, com 8 documentos confirmados no Crea.
prof-002;Ana Beatriz Farias;AB;avatar-roxo;Engenheira eletricista;CREA-AM 028114/D;;Manaus;AM;4.9;31;sim;nao;"[""Elétrica""]";"{""Elétrica"": 5}";"[""SPDA"", ""Projeto elétrico"", ""Subestação""]";"[{""tipo"": ""ART"", ""numero"": ""2026/118802"", ""atividade"": ""Projeto elétrico de galpão industrial"", ""area"": ""Elétrica""}, {""tipo"": ""ART"", ""numero"": ""2025/097310"", ""atividade"": ""SPDA de centro de distribuição"", ""area"": ""Elétrica""}, {""tipo"": ""CAT"", ""numero"": ""2025/0712"", ""atividade"": ""Subestação abrigada de 500 kVA"", ""area"": ""Elétrica""}]";Projeto elétrico industrial e SPDA. Complementa projeto estrutural em obras que exigem as duas disciplinas.
prof-003;Lucas Martins;LM;avatar-verde;Engenheiro ambiental;CREA-AM 034720/D;;Manaus;AM;4.6;12;sim;nao;"[""Ambiental""]";"{""Ambiental"": 3}";"[""Licenciamento"", ""Estudos de impacto""]";"[{""tipo"": ""ART"", ""numero"": ""2026/104455"", ""atividade"": ""Licenciamento ambiental de porto fluvial"", ""area"": ""Ambiental""}, {""tipo"": ""CAT"", ""numero"": ""2024/0533"", ""atividade"": ""Estudo de impacto de loteamento"", ""area"": ""Ambiental""}]";Licenciamento ambiental na região metropolitana, com histórico em empreendimentos às margens de corpos d'água.
prof-004;Rafael Souza;RS;avatar-ambar;Engenheiro mecânico;Registro em regularização;;Manaus;AM;4.2;5;nao;nao;"[""Mecânica""]";"{""Mecânica"": 1}";"[""Tubulação"", ""Montagem industrial""]";"[{""tipo"": ""ART"", ""numero"": ""2025/088120"", ""atividade"": ""Montagem de tubulação industrial"", ""area"": ""Mecânica""}]";Montagem industrial e tubulação. O Crea ainda não confirmou este registro.
prof-005;Paula Menezes;PM;avatar-ambar;Engenheira agrônoma;CREA-AM 041288/D;;Itacoatiara;AM;4.7;9;sim;nao;"[""Agronomia""]";"{""Agronomia"": 2}";"[""Irrigação"", ""Manejo de solo""]";"[{""tipo"": ""ART"", ""numero"": ""2026/101874"", ""atividade"": ""Projeto de irrigação por gotejamento"", ""area"": ""Agronomia""}, {""tipo"": ""CAT"", ""numero"": ""2025/0402"", ""atividade"": ""Recuperação de solo degradado"", ""area"": ""Agronomia""}]";Projetos de irrigação e manejo de solo no interior do estado.
prof-006;Vanessa Teixeira Dias;VD;avatar-ambar;Engenheira ambiental;CREA-RO 045262/D;2638601278;Porto Velho;RO;4.0;9;sim;sim;"[""Ambiental""]";"{""Ambiental"": 5}";"[""Monitoramento ambiental"", ""Recuperação de áreas degradadas"", ""Licenciamento""]";"[{""tipo"": ""ART"", ""numero"": ""2025/130567"", ""atividade"": ""Outorga de captação de água"", ""area"": ""Ambiental""}, {""tipo"": ""CAT"", ""numero"": ""2023/5025"", ""atividade"": ""Licenciamento ambiental de porto fluvial"", ""area"": ""Ambiental""}, {""tipo"": ""ART"", ""numero"": ""2024/131145"", ""atividade"": ""Recuperação de área degradada"", ""area"": ""Ambiental""}, {""tipo"": ""ART"", ""numero"": ""2025/131163"", ""atividade"": ""Estudo de impacto de loteamento"", ""area"": ""Ambiental""}, {""tipo"": ""ART"", ""numero"": ""2024/131576"", ""atividade"": ""Plano de gerenciamento de resíduos"", ""area"": ""Ambiental""}]";Engenheira ambiental com atuação em monitoramento ambiental e recuperação de áreas degradadas. 5 documentos confirmados no Crea.
prof-007;Fábio Oliveira Barbosa;FB;avatar-ambar;Engenheiro mecânico;CREA-AM 045758/D;2675134554;Manaus;AM;4.7;15;sim;sim;"[""Mecânica"", ""Ambiental""]";"{""Mecânica"": 5, ""Ambiental"": 2}";"[""Sistemas de combate a incêndio"", ""Montagem industrial"", ""Monitoramento ambiental""]";"[{""tipo"": ""ART"", ""numero"": ""2025/132150"", ""atividade"": ""Sistema de combate a incêndio"", ""area"": ""Mecânica""}, {""tipo"": ""ART"", ""numero"": ""2026/132675"", ""atividade"": ""Sistema de combate a incêndio"", ""area"": ""Mecânica""}, {""tipo"": ""ART"", ""numero"": ""2024/133219"", ""atividade"": ""Plano de manutenção industrial"", ""area"": ""Mecânica""}, {""tipo"": ""ART"", ""numero"": ""2026/133716"", ""atividade"": ""Projeto de climatização de hospital"", ""area"": ""Mecânica""}, {""tipo"": ""ART"", ""numero"": ""2023/134312"", ""atividade"": ""Projeto de climatização de hospital"", ""area"": ""Mecânica""}, {""tipo"": ""ART"", ""numero"": ""2022/134854"", ""atividade"": ""Recuperação de área degradada"", ""area"": ""Ambiental""}, {""tipo"": ""ART"", ""numero"": ""2023/135342"", ""atividade"": ""Estudo de impacto de loteamento"", ""area"": ""Ambiental""}]";Engenheiro mecânico com atuação em sistemas de combate a incêndio e montagem industrial. 7 documentos confirmados no Crea.
prof-008;Thiago Teixeira Souza;TS;avatar-ambar;Engenheiro agrônomo;CREA-AM 043762/D;2660789987;Manaus;AM;4.7;15;sim;nao;"[""Agronomia"", ""Hidráulica""]";"{""Agronomia"": 2, ""Hidráulica"": 1}";"[""Irrigação"", ""Receituário agronômico"", ""Manejo de solo"", ""Georreferenciamento rural"", ""Saneamento""]";"[{""tipo"": ""ART"", ""numero"": ""2026/136020"", ""atividade"": ""Implantação de sistema agroflorestal"", ""area"": ""Agronomia""}, {""tipo"": ""CAT"", ""numero"": ""2023/1395"", ""atividade"": ""Implantação de sistema agroflorestal"", ""area"": ""Agronomia""}, {""tipo"": ""ART"", ""numero"": ""2025/136925"", ""atividade"": ""Fiscalização de obra de saneamento"", ""area"": ""Hidráulica""}]";Engenheiro agrônomo com atuação em irrigação e receituário agronômico. 3 documentos confirmados no Crea.
prof-009;Raquel Souza Castro;RC;avatar-ambar;Geóloga;CREA-AM 018870/D;2668142594;Iranduba;AM;4.1;31;sim;sim;"[""Geotecnia""]";"{""Geotecnia"": 6}";"[""Estabilidade de taludes"", ""Contenções"", ""Sondagem"", ""Hidrogeologia""]";"[{""tipo"": ""CAT"", ""numero"": ""2025/2809"", ""atividade"": ""Sondagem SPT para edifício"", ""area"": ""Geotecnia""}, {""tipo"": ""ART"", ""numero"": ""2022/137910"", ""atividade"": ""Sondagem SPT para edifício"", ""area"": ""Geotecnia""}, {""tipo"": ""CAT"", ""numero"": ""2023/3541"", ""atividade"": ""Sondagem SPT para edifício"", ""area"": ""Geotecnia""}, {""tipo"": ""ART"", ""numero"": ""2026/139317"", ""atividade"": ""Projeto de contenção em encosta"", ""area"": ""Geotecnia""}, {""tipo"": ""ART"", ""numero"": ""2022/139482"", ""atividade"": ""Investigação geotécnica de terreno"", ""area"": ""Geotecnia""}, {""tipo"": ""ART"", ""numero"": ""2023/140195"", ""atividade"": ""Investigação geotécnica de terreno"", ""area"": ""Geotecnia""}]";Geóloga com atuação em estabilidade de taludes e contenções. 6 documentos confirmados no Crea.
prof-010;Sérgio Lopes Ribeiro;SR;;Engenheiro civil;Registro em regularização;;Manacapuru;AM;4.9;1;nao;sim;"[""Estrutural""]";{};"[""Reforço estrutural"", ""Fiscalização de obra""]";[];Engenheiro civil com atuação em reforço estrutural e fiscalização de obra. Acervo ainda em formação.
prof-011;Caio Oliveira Silva;CS;avatar-roxo;Engenheiro mecânico;Registro em regularização;;Coari;AM;0;0;nao;nao;"[""Mecânica""]";{};"[""Manutenção industrial"", ""Tubulação industrial"", ""Sistemas de combate a incêndio"", ""Vasos de pressão (NR-13)""]";[];Engenheiro mecânico com atuação em manutenção industrial e tubulação industrial. Acervo ainda em formação.
prof-012;Henrique Castro Rocha;HR;avatar-roxo;Engenheiro civil;CREA-AM 022190/D;2636615522;Manaus;AM;4.1;2;sim;sim;"[""Estrutural"", ""Hidráulica""]";"{""Estrutural"": 1}";"[""Fundações profundas"", ""Alvenaria estrutural"", ""Hidrossanitário predial""]";"[{""tipo"": ""ART"", ""numero"": ""2023/140664"", ""atividade"": ""Fiscalização de obra vertical"", ""area"": ""Estrutural""}]";Engenheiro civil com atuação em fundações profundas e alvenaria estrutural. 1 documentos confirmados no Crea.
prof-013;Camila Ribeiro Oliveira;CO;avatar-verde;Engenheira sanitarista;CREA-AM 047227/D;2676481961;Tefé;AM;4.5;6;sim;sim;"[""Hidráulica"", ""Ambiental""]";"{""Hidráulica"": 4, ""Ambiental"": 2}";"[""Esgotamento sanitário"", ""Hidrossanitário predial"", ""Redes de água"", ""Saneamento"", ""Recuperação de áreas degradadas""]";"[{""tipo"": ""CAT"", ""numero"": ""2025/5965"", ""atividade"": ""Fiscalização de obra de saneamento"", ""area"": ""Hidráulica""}, {""tipo"": ""CAT"", ""numero"": ""2025/6465"", ""atividade"": ""Fiscalização de obra de saneamento"", ""area"": ""Hidráulica""}, {""tipo"": ""ART"", ""numero"": ""2024/142287"", ""atividade"": ""Estação de tratamento de esgoto"", ""area"": ""Hidráulica""}, {""tipo"": ""ART"", ""numero"": ""2022/142530"", ""atividade"": ""Projeto hidrossanitário predial"", ""area"": ""Hidráulica""}, {""tipo"": ""ART"", ""numero"": ""2025/142875"", ""atividade"": ""Estudo de impacto de loteamento"", ""area"": ""Ambiental""}, {""tipo"": ""ART"", ""numero"": ""2024/142909"", ""atividade"": ""Plano de gerenciamento de resíduos"", ""area"": ""Ambiental""}]";Engenheira sanitarista com atuação em esgotamento sanitário e hidrossanitário predial. 6 documentos confirmados no Crea.
prof-014;Yasmin Ferreira Dias;YD;avatar-ambar;Geóloga;CREA-AM 036977/D;2655637040;Manaus;AM;0;0;sim;nao;"[""Geotecnia"", ""Ambiental""]";"{""Geotecnia"": 1, ""Ambiental"": 2}";"[""Contenções"", ""Hidrogeologia"", ""Licenciamento""]";"[{""tipo"": ""ART"", ""numero"": ""2024/143693"", ""atividade"": ""Estudo de estabilidade de talude"", ""area"": ""Geotecnia""}, {""tipo"": ""ART"", ""numero"": ""2022/144345"", ""atividade"": ""Plano de gerenciamento de resíduos"", ""area"": ""Ambiental""}, {""tipo"": ""CAT"", ""numero"": ""2022/0954"", ""atividade"": ""Plano de gerenciamento de resíduos"", ""area"": ""Ambiental""}]";Geóloga com atuação em contenções e hidrogeologia. 3 documentos confirmados no Crea.
prof-015;Isabela Barbosa Oliveira;IO;avatar-roxo;Engenheira eletricista;Registro em regularização;;Boa Vista;RR;0;0;nao;sim;"[""Elétrica"", ""Mecânica""]";{};"[""Subestação"", ""Automação predial"", ""Eficiência energética"", ""Sistemas de combate a incêndio""]";[];Engenheira eletricista com atuação em subestação e automação predial. Acervo ainda em formação.
prof-016;Sabrina Santos Farias;SF;;Engenheira mecânica;CREA-AM 020624/D;2615875669;Manaus;AM;0;0;sim;sim;"[""Mecânica""]";"{""Mecânica"": 3}";"[""Vasos de pressão (NR-13)"", ""Tubulação industrial"", ""Climatização"", ""Sistemas de combate a incêndio""]";"[{""tipo"": ""ART"", ""numero"": ""2025/145020"", ""atividade"": ""Montagem de tubulação industrial"", ""area"": ""Mecânica""}, {""tipo"": ""CAT"", ""numero"": ""2024/1738"", ""atividade"": ""Projeto de climatização de hospital"", ""area"": ""Mecânica""}, {""tipo"": ""ART"", ""numero"": ""2025/146049"", ""atividade"": ""Projeto de climatização de hospital"", ""area"": ""Mecânica""}]";Engenheira mecânica com atuação em vasos de pressão (nr-13) e tubulação industrial. 3 documentos confirmados no Crea.
prof-017;Wagner Oliveira Barbosa;WB;avatar-ambar;Engenheiro agrônomo;CREA-AM 043688/D;2645729726;Iranduba;AM;3.9;18;sim;nao;"[""Agronomia""]";"{""Agronomia"": 4}";"[""Manejo de solo"", ""Irrigação"", ""Georreferenciamento rural""]";"[{""tipo"": ""ART"", ""numero"": ""2025/146301"", ""atividade"": ""Georreferenciamento de imóvel rural"", ""area"": ""Agronomia""}, {""tipo"": ""CAT"", ""numero"": ""2026/2495"", ""atividade"": ""Implantação de sistema agroflorestal"", ""area"": ""Agronomia""}, {""tipo"": ""CAT"", ""numero"": ""2023/2763"", ""atividade"": ""Projeto de irrigação de fruticultura"", ""area"": ""Agronomia""}, {""tipo"": ""ART"", ""numero"": ""2026/147053"", ""atividade"": ""Plano de manejo de solo"", ""area"": ""Agronomia""}]";Engenheiro agrônomo com atuação em manejo de solo e irrigação. 4 documentos confirmados no Crea.
prof-018;Leonardo Carvalho Almeida;LA;avatar-roxo;Engenheiro ambiental;CREA-AM 045965/D;2690382673;Manaus;AM;4.6;15;sim;nao;"[""Ambiental""]";"{""Ambiental"": 2}";"[""Estudos de impacto"", ""Outorga de água"", ""Recuperação de áreas degradadas""]";"[{""tipo"": ""ART"", ""numero"": ""2025/147823"", ""atividade"": ""Plano de gerenciamento de resíduos"", ""area"": ""Ambiental""}, {""tipo"": ""ART"", ""numero"": ""2023/148639"", ""atividade"": ""Plano de gerenciamento de resíduos"", ""area"": ""Ambiental""}]";Engenheiro ambiental com atuação em estudos de impacto e outorga de água. 2 documentos confirmados no Crea.
prof-019;Carolina Santana Freitas;CF;avatar-roxo;Engenheira civil;CREA-AM 019299/D;2644776368;Iranduba;AM;0;0;sim;nao;"[""BIM""]";"{""BIM"": 5}";"[""Planejamento de obra"", ""Compatibilização de projetos"", ""Revit"", ""Modelagem BIM""]";"[{""tipo"": ""ART"", ""numero"": ""2025/149365"", ""atividade"": ""Modelagem BIM de edifício comercial"", ""area"": ""BIM""}, {""tipo"": ""ART"", ""numero"": ""2024/149458"", ""atividade"": ""Orçamento de obra pública"", ""area"": ""BIM""}, {""tipo"": ""ART"", ""numero"": ""2022/149606"", ""atividade"": ""Compatibilização de hospital em BIM"", ""area"": ""BIM""}, {""tipo"": ""ART"", ""numero"": ""2023/150159"", ""atividade"": ""Orçamento de obra pública"", ""area"": ""BIM""}, {""tipo"": ""ART"", ""numero"": ""2022/150752"", ""atividade"": ""Planejamento 4D de obra"", ""area"": ""BIM""}]";Engenheira civil com atuação em planejamento de obra e compatibilização de projetos. 5 documentos confirmados no Crea.
prof-020;Paula Lopes Gomes;PG;;Geóloga;CREA-AM 057620/D;2651163606;Iranduba;AM;4.0;15;sim;sim;"[""Geotecnia"", ""Hidráulica""]";"{""Geotecnia"": 4, ""Hidráulica"": 2}";"[""Hidrogeologia"", ""Estabilidade de taludes"", ""Sondagem"", ""Contenções"", ""Drenagem urbana""]";"[{""tipo"": ""ART"", ""numero"": ""2022/150952"", ""atividade"": ""Investigação geotécnica de terreno"", ""area"": ""Geotecnia""}, {""tipo"": ""ART"", ""numero"": ""2024/151391"", ""atividade"": ""Estudo de estabilidade de talude"", ""area"": ""Geotecnia""}, {""tipo"": ""CAT"", ""numero"": ""2026/8137"", ""atividade"": ""Projeto de contenção em encosta"", ""area"": ""Geotecnia""}, {""tipo"": ""CAT"", ""numero"": ""2023/8696"", ""atividade"": ""Sondagem SPT para edifício"", ""area"": ""Geotecnia""}, {""tipo"": ""ART"", ""numero"": ""2022/153386"", ""atividade"": ""Projeto de rede de abastecimento"", ""area"": ""Hidráulica""}, {""tipo"": ""CAT"", ""numero"": ""2024/0769"", ""atividade"": ""Estação de tratamento de esgoto"", ""area"": ""Hidráulica""}]";Geóloga com atuação em hidrogeologia e estabilidade de taludes. 6 documentos confirmados no Crea.
prof-021;Débora Queiroz Souza;DS;avatar-verde;Engenheira civil;CREA-AM 047130/D;2657887514;Manaus;AM;4.4;2;sim;sim;"[""BIM"", ""Geotecnia""]";"{""BIM"": 6}";"[""Revit"", ""Planejamento de obra"", ""Compatibilização de projetos"", ""Orçamento e SINAPI"", ""Estabilidade de taludes""]";"[{""tipo"": ""ART"", ""numero"": ""2025/154610"", ""atividade"": ""Orçamento de obra pública"", ""area"": ""BIM""}, {""tipo"": ""ART"", ""numero"": ""2022/154701"", ""atividade"": ""Compatibilização de hospital em BIM"", ""area"": ""BIM""}, {""tipo"": ""ART"", ""numero"": ""2025/155535"", ""atividade"": ""Orçamento de obra pública"", ""area"": ""BIM""}, {""tipo"": ""CAT"", ""numero"": ""2023/3313"", ""atividade"": ""Planejamento 4D de obra"", ""area"": ""BIM""}, {""tipo"": ""ART"", ""numero"": ""2026/156838"", ""atividade"": ""Planejamento 4D de obra"", ""area"": ""BIM""}, {""tipo"": ""CAT"", ""numero"": ""2024/4257"", ""atividade"": ""Planejamento 4D de obra"", ""area"": ""BIM""}]";Engenheira civil com atuação em revit e planejamento de obra. 6 documentos confirmados no Crea.
prof-022;Leonardo Moraes Silva;LS;avatar-ambar;Geólogo;CREA-AM 027501/D;2617528726;Manaus;AM;0;0;sim;sim;"[""Geotecnia"", ""Agronomia""]";"{""Geotecnia"": 2, ""Agronomia"": 2}";"[""Contenções"", ""Sondagem"", ""Estabilidade de taludes"", ""Manejo de solo""]";"[{""tipo"": ""CAT"", ""numero"": ""2022/4838"", ""atividade"": ""Investigação geotécnica de terreno"", ""area"": ""Geotecnia""}, {""tipo"": ""ART"", ""numero"": ""2025/158493"", ""atividade"": ""Projeto de contenção em encosta"", ""area"": ""Geotecnia""}, {""tipo"": ""CAT"", ""numero"": ""2024/5919"", ""atividade"": ""Implantação de sistema agroflorestal"", ""area"": ""Agronomia""}, {""tipo"": ""ART"", ""numero"": ""2026/159620"", ""atividade"": ""Implantação de sistema agroflorestal"", ""area"": ""Agronomia""}]";Geólogo com atuação em contenções e sondagem. 4 documentos confirmados no Crea.
prof-023;Leonardo Almeida Cardoso;L;avatar-verde;Engenheiro ambiental;CREA-AM 023524/D;2694692739;Manaus;AM;4.9;4;sim;sim;"[""Ambiental""]";"{""Ambiental"": 2}";"[""Licenciamento"", ""Monitoramento ambiental"", ""Estudos de impacto"", ""PGRS""]";"[{""tipo"": ""ART"", ""numero"": ""2025/160436"", ""atividade"": ""Outorga de captação de água"", ""area"": ""Ambiental""}, {""tipo"": ""CAT"", ""numero"": ""2024/8088"", ""atividade"": ""Estudo de impacto de loteamento"", ""area"": ""Ambiental""}]";Engenheiro ambiental com atuação em licenciamento e monitoramento ambiental. 2 documentos confirmados no Crea.
prof-024;Fábio Vieira Ferreira;FF;avatar-ambar;Engenheiro eletricista;CREA-AM 030836/D;2648329025;Manaus;AM;4.3;24;sim;sim;"[""Elétrica"", ""Geotecnia""]";"{""Elétrica"": 6, ""Geotecnia"": 2}";"[""Eficiência energética"", ""Projeto elétrico"", ""Laudo de instalações elétricas"", ""Hidrogeologia""]";"[{""tipo"": ""ART"", ""numero"": ""2023/161620"", ""atividade"": ""Usina solar de 300 kWp"", ""area"": ""Elétrica""}, {""tipo"": ""ART"", ""numero"": ""2024/162300"", ""atividade"": ""Subestação abrigada de 500 kVA"", ""area"": ""Elétrica""}, {""tipo"": ""CAT"", ""numero"": ""2025/0928"", ""atividade"": ""Subestação abrigada de 500 kVA"", ""area"": ""Elétrica""}, {""tipo"": ""CAT"", ""numero"": ""2024/1794"", ""atividade"": ""Usina solar de 300 kWp"", ""area"": ""Elétrica""}, {""tipo"": ""ART"", ""numero"": ""2022/163937"", ""atividade"": ""Subestação abrigada de 500 kVA"", ""area"": ""Elétrica""}, {""tipo"": ""CAT"", ""numero"": ""2025/2203"", ""atividade"": ""Subestação abrigada de 500 kVA"", ""area"": ""Elétrica""}, {""tipo"": ""ART"", ""numero"": ""2025/165072"", ""atividade"": ""Sondagem SPT para edifício"", ""area"": ""Geotecnia""}, {""tipo"": ""ART"", ""numero"": ""2025/165913"", ""atividade"": ""Projeto de contenção em encosta"", ""area"": ""Geotecnia""}]";Engenheiro eletricista com atuação em eficiência energética e projeto elétrico. 8 documentos confirmados no Crea.
prof-025;Rodrigo Lima Monteiro;RM;avatar-roxo;Engenheiro agrônomo;Registro em regularização;;Porto Velho;RO;0;0;nao;nao;"[""Agronomia""]";{};"[""Georreferenciamento rural"", ""Manejo de solo""]";[];Engenheiro agrônomo com atuação em georreferenciamento rural e manejo de solo. Acervo ainda em formação.
prof-026;Sérgio Martins Moraes;SM;avatar-verde;Engenheiro civil;CREA-AM 029703/D;2669065416;Parintins;AM;0;0;sim;sim;"[""BIM"", ""Mecânica""]";"{""BIM"": 6}";"[""Compatibilização de projetos"", ""Orçamento e SINAPI"", ""Revit"", ""Planejamento de obra"", ""Manutenção industrial""]";"[{""tipo"": ""ART"", ""numero"": ""2026/166321"", ""atividade"": ""Modelagem BIM de edifício comercial"", ""area"": ""BIM""}, {""tipo"": ""ART"", ""numero"": ""2026/166483"", ""atividade"": ""Modelagem BIM de edifício comercial"", ""area"": ""BIM""}, {""tipo"": ""CAT"", ""numero"": ""2023/5236"", ""atividade"": ""Compatibilização de hospital em BIM"", ""area"": ""BIM""}, {""tipo"": ""CAT"", ""numero"": ""2022/6064"", ""atividade"": ""Orçamento de obra pública"", ""area"": ""BIM""}, {""tipo"": ""CAT"", ""numero"": ""2023/6910"", ""atividade"": ""Orçamento de obra pública"", ""area"": ""BIM""}, {""tipo"": ""CAT"", ""numero"": ""2025/7048"", ""atividade"": ""Compatibilização de hospital em BIM"", ""area"": ""BIM""}]";Engenheiro civil com atuação em compatibilização de projetos e orçamento e sinapi. 6 documentos confirmados no Crea.
prof-027;Pedro Santana Freitas;PF;avatar-roxo;Engenheiro mecânico;CREA-AM 053360/D;2628549945;Manaus;AM;4.2;2;sim;sim;"[""Mecânica"", ""Geotecnia""]";"{""Mecânica"": 1, ""Geotecnia"": 1}";"[""Montagem industrial"", ""Sistemas de combate a incêndio"", ""Estabilidade de taludes""]";"[{""tipo"": ""ART"", ""numero"": ""2024/169151"", ""atividade"": ""Montagem de tubulação industrial"", ""area"": ""Mecânica""}, {""tipo"": ""CAT"", ""numero"": ""2022/7932"", ""atividade"": ""Estudo de estabilidade de talude"", ""area"": ""Geotecnia""}]";Engenheiro mecânico com atuação em montagem industrial e sistemas de combate a incêndio. 2 documentos confirmados no Crea.
prof-028;Otávio Santos Soares;OS;avatar-ambar;Engenheiro mecânico;CREA-AM 051567/D;2638536141;Itacoatiara;AM;4.9;31;sim;nao;"[""Mecânica""]";"{""Mecânica"": 4}";"[""Climatização"", ""Manutenção industrial"", ""Tubulação industrial""]";"[{""tipo"": ""ART"", ""numero"": ""2026/170511"", ""atividade"": ""Inspeção de vasos de pressão"", ""area"": ""Mecânica""}, {""tipo"": ""CAT"", ""numero"": ""2023/0274"", ""atividade"": ""Projeto de climatização de hospital"", ""area"": ""Mecânica""}, {""tipo"": ""ART"", ""numero"": ""2026/171643"", ""atividade"": ""Projeto de climatização de hospital"", ""area"": ""Mecânica""}, {""tipo"": ""ART"", ""numero"": ""2023/171826"", ""atividade"": ""Inspeção de vasos de pressão"", ""area"": ""Mecânica""}]";Engenheiro mecânico com atuação em climatização e manutenção industrial. 4 documentos confirmados no Crea.
prof-029;Tatiane Vieira Soares;TS;;Geóloga;Registro em regularização;;Coari;AM;4.4;1;nao;nao;"[""Geotecnia""]";{};"[""Estabilidade de taludes"", ""Hidrogeologia""]";[];Geóloga com atuação em estabilidade de taludes e hidrogeologia. Acervo ainda em formação.
prof-030;Leonardo Monteiro Costa;LC;avatar-ambar;Engenheiro civil;CREA-AM 045046/D;2602447520;Maués;AM;4.0;12;sim;nao;"[""BIM""]";"{""BIM"": 5}";"[""Modelagem BIM"", ""Planejamento de obra""]";"[{""tipo"": ""ART"", ""numero"": ""2026/172673"", ""atividade"": ""Orçamento de obra pública"", ""area"": ""BIM""}, {""tipo"": ""CAT"", ""numero"": ""2022/1983"", ""atividade"": ""Compatibilização de hospital em BIM"", ""area"": ""BIM""}, {""tipo"": ""ART"", ""numero"": ""2026/173061"", ""atividade"": ""Compatibilização de hospital em BIM"", ""area"": ""BIM""}, {""tipo"": ""ART"", ""numero"": ""2026/173463"", ""atividade"": ""Planejamento 4D de obra"", ""area"": ""BIM""}, {""tipo"": ""CAT"", ""numero"": ""2022/3023"", ""atividade"": ""Orçamento de obra pública"", ""area"": ""BIM""}]";Engenheiro civil com atuação em modelagem bim e planejamento de obra. 5 documentos confirmados no Crea.
prof-031;Carlos Vieira Farias;CF;avatar-roxo;Engenheiro mecânico;Registro em regularização;;Itacoatiara;AM;0;0;nao;sim;"[""Mecânica""]";{};"[""Vasos de pressão (NR-13)"", ""Montagem industrial""]";[];Engenheiro mecânico com atuação em vasos de pressão (nr-13) e montagem industrial. Acervo ainda em formação.
prof-032;Leonardo Santana Cardoso;LC;;Engenheiro civil;CREA-AM 048033/D;2647441910;Tefé;AM;4.8;12;sim;nao;"[""BIM"", ""Elétrica""]";"{""BIM"": 1, ""Elétrica"": 2}";"[""Compatibilização de projetos"", ""Revit"", ""Planejamento de obra"", ""Laudo de instalações elétricas""]";"[{""tipo"": ""ART"", ""numero"": ""2025/174632"", ""atividade"": ""Planejamento 4D de obra"", ""area"": ""BIM""}, {""tipo"": ""ART"", ""numero"": ""2025/174655"", ""atividade"": ""Usina solar de 300 kWp"", ""area"": ""Elétrica""}, {""tipo"": ""ART"", ""numero"": ""2022/175409"", ""atividade"": ""SPDA de centro de distribuição"", ""area"": ""Elétrica""}]";Engenheiro civil com atuação em compatibilização de projetos e revit. 3 documentos confirmados no Crea.
prof-033;Sérgio Farias Ramos;SR;;Engenheiro ambiental;CREA-AM 039320/D;2647737074;Maués;AM;0;0;sim;nao;"[""Ambiental""]";"{""Ambiental"": 4}";"[""Monitoramento ambiental"", ""Recuperação de áreas degradadas""]";"[{""tipo"": ""ART"", ""numero"": ""2022/176243"", ""atividade"": ""Recuperação de área degradada"", ""area"": ""Ambiental""}, {""tipo"": ""CAT"", ""numero"": ""2022/5660"", ""atividade"": ""Licenciamento ambiental de porto fluvial"", ""area"": ""Ambiental""}, {""tipo"": ""ART"", ""numero"": ""2023/176935"", ""atividade"": ""Plano de gerenciamento de resíduos"", ""area"": ""Ambiental""}, {""tipo"": ""CAT"", ""numero"": ""2024/6028"", ""atividade"": ""Licenciamento ambiental de porto fluvial"", ""area"": ""Ambiental""}]";Engenheiro ambiental com atuação em monitoramento ambiental e recuperação de áreas degradadas. 4 documentos confirmados no Crea.
prof-034;Fábio Soares Teixeira;FT;avatar-roxo;Engenheiro civil;CREA-AM 035754/D;2611738810;Manaus;AM;4.2;9;sim;sim;"[""Estrutural""]";"{""Estrutural"": 4}";"[""Fundações profundas"", ""Fiscalização de obra"", ""Cálculo estrutural"", ""Laudos técnicos""]";"[{""tipo"": ""CAT"", ""numero"": ""2024/6083"", ""atividade"": ""Fiscalização de obra vertical"", ""area"": ""Estrutural""}, {""tipo"": ""CAT"", ""numero"": ""2024/6157"", ""atividade"": ""Projeto de fundação profunda"", ""area"": ""Estrutural""}, {""tipo"": ""ART"", ""numero"": ""2022/177796"", ""atividade"": ""Projeto de fundação profunda"", ""area"": ""Estrutural""}, {""tipo"": ""CAT"", ""numero"": ""2026/6876"", ""atividade"": ""Fiscalização de obra vertical"", ""area"": ""Estrutural""}]";Engenheiro civil com atuação em fundações profundas e fiscalização de obra. 4 documentos confirmados no Crea.
prof-035;Priscila Costa Silva;PS;;Engenheira sanitarista;CREA-AM 034873/D;2693681039;Maués;AM;3.9;2;sim;sim;"[""Hidráulica"", ""Elétrica""]";"{""Hidráulica"": 3, ""Elétrica"": 2}";"[""Estações de tratamento"", ""Hidrossanitário predial"", ""Projeto elétrico""]";"[{""tipo"": ""ART"", ""numero"": ""2024/178292"", ""atividade"": ""Estação de tratamento de esgoto"", ""area"": ""Hidráulica""}, {""tipo"": ""CAT"", ""numero"": ""2022/7778"", ""atividade"": ""Projeto de rede de abastecimento"", ""area"": ""Hidráulica""}, {""tipo"": ""ART"", ""numero"": ""2023/179550"", ""atividade"": ""Fiscalização de obra de saneamento"", ""area"": ""Hidráulica""}, {""tipo"": ""ART"", ""numero"": ""2023/180354"", ""atividade"": ""Usina solar de 300 kWp"", ""area"": ""Elétrica""}, {""tipo"": ""ART"", ""numero"": ""2023/181252"", ""atividade"": ""Subestação abrigada de 500 kVA"", ""area"": ""Elétrica""}]";Engenheira sanitarista com atuação em estações de tratamento e hidrossanitário predial. 5 documentos confirmados no Crea.
prof-036;Aline Pinheiro Teixeira;AT;avatar-roxo;Engenheira mecânica;CREA-RR 025902/D;2621359146;Boa Vista;RR;0;0;sim;nao;"[""Mecânica"", ""Agronomia""]";"{""Mecânica"": 3}";"[""Sistemas de combate a incêndio"", ""Tubulação industrial"", ""Montagem industrial"", ""Sistemas agroflorestais""]";"[{""tipo"": ""ART"", ""numero"": ""2022/181502"", ""atividade"": ""Inspeção de vasos de pressão"", ""area"": ""Mecânica""}, {""tipo"": ""ART"", ""numero"": ""2026/181820"", ""atividade"": ""Plano de manutenção industrial"", ""area"": ""Mecânica""}, {""tipo"": ""ART"", ""numero"": ""2024/182010"", ""atividade"": ""Projeto de climatização de hospital"", ""area"": ""Mecânica""}]";Engenheira mecânica com atuação em sistemas de combate a incêndio e tubulação industrial. 3 documentos confirmados no Crea.
prof-037;Caio Souza Farias;CF;avatar-verde;Engenheiro eletricista;CREA-AM 030522/D;2613644673;Humaitá;AM;4.2;15;sim;nao;"[""Elétrica"", ""Mecânica""]";"{""Elétrica"": 4, ""Mecânica"": 1}";"[""Automação predial"", ""Energia solar fotovoltaica"", ""Eficiência energética"", ""Montagem industrial""]";"[{""tipo"": ""ART"", ""numero"": ""2022/182275"", ""atividade"": ""Subestação abrigada de 500 kVA"", ""area"": ""Elétrica""}, {""tipo"": ""ART"", ""numero"": ""2025/182436"", ""atividade"": ""Projeto elétrico industrial"", ""area"": ""Elétrica""}, {""tipo"": ""CAT"", ""numero"": ""2026/2897"", ""atividade"": ""SPDA de centro de distribuição"", ""area"": ""Elétrica""}, {""tipo"": ""ART"", ""numero"": ""2024/183755"", ""atividade"": ""Projeto elétrico industrial"", ""area"": ""Elétrica""}, {""tipo"": ""ART"", ""numero"": ""2025/184042"", ""atividade"": ""Montagem de tubulação industrial"", ""area"": ""Mecânica""}]";Engenheiro eletricista com atuação em automação predial e energia solar fotovoltaica. 5 documentos confirmados no Crea.
prof-038;Helena Nascimento Rocha;HR;avatar-roxo;Engenheira ambiental;CREA-AM 045581/D;2693094333;Parintins;AM;4.2;18;sim;sim;"[""Ambiental""]";"{""Ambiental"": 1}";"[""Recuperação de áreas degradadas"", ""PGRS"", ""Estudos de impacto"", ""Outorga de água""]";"[{""tipo"": ""CAT"", ""numero"": ""2025/4284"", ""atividade"": ""Plano de gerenciamento de resíduos"", ""area"": ""Ambiental""}]";Engenheira ambiental com atuação em recuperação de áreas degradadas e pgrs. 1 documentos confirmados no Crea.
prof-039;Pedro Menezes Lima;PL;avatar-ambar;Geólogo;CREA-AM 050816/D;2632749614;Manaus;AM;4.4;18;sim;nao;"[""Geotecnia"", ""Mecânica""]";"{""Geotecnia"": 4, ""Mecânica"": 2}";"[""Hidrogeologia"", ""Estabilidade de taludes"", ""Sondagem"", ""Montagem industrial""]";"[{""tipo"": ""CAT"", ""numero"": ""2026/4977"", ""atividade"": ""Investigação geotécnica de terreno"", ""area"": ""Geotecnia""}, {""tipo"": ""ART"", ""numero"": ""2025/185635"", ""atividade"": ""Projeto de contenção em encosta"", ""area"": ""Geotecnia""}, {""tipo"": ""ART"", ""numero"": ""2022/186397"", ""atividade"": ""Projeto de contenção em encosta"", ""area"": ""Geotecnia""}, {""tipo"": ""ART"", ""numero"": ""2024/186979"", ""atividade"": ""Estudo de estabilidade de talude"", ""area"": ""Geotecnia""}, {""tipo"": ""ART"", ""numero"": ""2026/187630"", ""atividade"": ""Plano de manutenção industrial"", ""area"": ""Mecânica""}, {""tipo"": ""ART"", ""numero"": ""2026/187929"", ""atividade"": ""Montagem de tubulação industrial"", ""area"": ""Mecânica""}]";Geólogo com atuação em hidrogeologia e estabilidade de taludes. 6 documentos confirmados no Crea.
prof-040;Paula Barbosa Dias;PD;avatar-ambar;Engenheira ambiental;CREA-RO 025401/D;2641688779;Porto Velho;RO;4.0;31;sim;nao;"[""Ambiental"", ""Geotecnia""]";"{""Ambiental"": 2}";"[""Licenciamento"", ""PGRS"", ""Outorga de água"", ""Hidrogeologia""]";"[{""tipo"": ""CAT"", ""numero"": ""2026/8381"", ""atividade"": ""Licenciamento ambiental de porto fluvial"", ""area"": ""Ambiental""}, {""tipo"": ""ART"", ""numero"": ""2022/188946"", ""atividade"": ""Licenciamento ambiental de porto fluvial"", ""area"": ""Ambiental""}]";Engenheira ambiental com atuação em licenciamento e pgrs. 2 documentos confirmados no Crea.
prof-041;Camila Pinheiro Freitas;CF;avatar-roxo;Engenheira civil;CREA-AM 016524/D;2617574622;Manaus;AM;4.9;15;sim;sim;"[""BIM""]";"{""BIM"": 2}";"[""Compatibilização de projetos"", ""Orçamento e SINAPI""]";"[{""tipo"": ""ART"", ""numero"": ""2026/189769"", ""atividade"": ""Orçamento de obra pública"", ""area"": ""BIM""}, {""tipo"": ""CAT"", ""numero"": ""2023/1384"", ""atividade"": ""Orçamento de obra pública"", ""area"": ""BIM""}]";Engenheira civil com atuação em compatibilização de projetos e orçamento e sinapi. 2 documentos confirmados no Crea.
prof-042;Otávio Castro Silva;OS;avatar-ambar;Engenheiro civil;CREA-AM 030154/D;2658338143;Iranduba;AM;4.6;2;sim;nao;"[""BIM"", ""Ambiental""]";"{""BIM"": 1, ""Ambiental"": 1}";"[""Revit"", ""Compatibilização de projetos"", ""Licenciamento""]";"[{""tipo"": ""ART"", ""numero"": ""2023/190808"", ""atividade"": ""Compatibilização de hospital em BIM"", ""area"": ""BIM""}, {""tipo"": ""ART"", ""numero"": ""2026/191544"", ""atividade"": ""Recuperação de área degradada"", ""area"": ""Ambiental""}]";Engenheiro civil com atuação em revit e compatibilização de projetos. 2 documentos confirmados no Crea.
prof-043;Marcelo Castro Santana;MS;avatar-ambar;Engenheiro eletricista;CREA-RO 043895/D;2635631947;Porto Velho;RO;4.3;2;sim;sim;"[""Elétrica""]";"{""Elétrica"": 4}";"[""Laudo de instalações elétricas"", ""Subestação"", ""SPDA"", ""Automação predial""]";"[{""tipo"": ""ART"", ""numero"": ""2026/192429"", ""atividade"": ""Subestação abrigada de 500 kVA"", ""area"": ""Elétrica""}, {""tipo"": ""ART"", ""numero"": ""2026/192675"", ""atividade"": ""Laudo de instalações elétricas"", ""area"": ""Elétrica""}, {""tipo"": ""CAT"", ""numero"": ""2024/4111"", ""atividade"": ""Laudo de instalações elétricas"", ""area"": ""Elétrica""}, {""tipo"": ""ART"", ""numero"": ""2026/193375"", ""atividade"": ""Usina solar de 300 kWp"", ""area"": ""Elétrica""}]";Engenheiro eletricista com atuação em laudo de instalações elétricas e subestação. 4 documentos confirmados no Crea.
prof-044;Henrique Almeida Lopes;HA;avatar-roxo;Engenheiro mecânico;CREA-PA 026455/D;2601344907;Santarém;PA;4.7;12;sim;sim;"[""Mecânica""]";"{""Mecânica"": 3}";"[""Vasos de pressão (NR-13)"", ""Climatização"", ""Sistemas de combate a incêndio""]";"[{""tipo"": ""ART"", ""numero"": ""2025/193797"", ""atividade"": ""Plano de manutenção industrial"", ""area"": ""Mecânica""}, {""tipo"": ""ART"", ""numero"": ""2022/194189"", ""atividade"": ""Sistema de combate a incêndio"", ""area"": ""Mecânica""}, {""tipo"": ""ART"", ""numero"": ""2025/194969"", ""atividade"": ""Plano de manutenção industrial"", ""area"": ""Mecânica""}]";Engenheiro mecânico com atuação em vasos de pressão (nr-13) e climatização. 3 documentos confirmados no Crea.
prof-045;Wagner Barbosa Nascimento;WN;;Engenheiro civil;CREA-AM 016874/D;2679093014;Presidente Figueiredo;AM;0;0;sim;nao;"[""Estrutural"", ""Ambiental""]";"{""Estrutural"": 3, ""Ambiental"": 2}";"[""Alvenaria estrutural"", ""Concreto armado"", ""Licenciamento""]";"[{""tipo"": ""CAT"", ""numero"": ""2024/6861"", ""atividade"": ""Laudo de estrutura de concreto"", ""area"": ""Estrutural""}, {""tipo"": ""CAT"", ""numero"": ""2022/6927"", ""atividade"": ""Projeto estrutural de edifício residencial"", ""area"": ""Estrutural""}, {""tipo"": ""ART"", ""numero"": ""2024/196659"", ""atividade"": ""Projeto de estrutura metálica"", ""area"": ""Estrutural""}, {""tipo"": ""ART"", ""numero"": ""2022/197133"", ""atividade"": ""Outorga de captação de água"", ""area"": ""Ambiental""}, {""tipo"": ""CAT"", ""numero"": ""2026/8668"", ""atividade"": ""Estudo de impacto de loteamento"", ""area"": ""Ambiental""}]";Engenheiro civil com atuação em alvenaria estrutural e concreto armado. 5 documentos confirmados no Crea.
prof-046;Bruno Ferreira Silva;BS;avatar-roxo;Engenheiro civil;CREA-AM 041325/D;2685306297;Itacoatiara;AM;4.4;24;sim;nao;"[""Estrutural""]";"{""Estrutural"": 3}";"[""Concreto armado"", ""Fundações profundas""]";"[{""tipo"": ""CAT"", ""numero"": ""2025/0245"", ""atividade"": ""Projeto estrutural de edifício residencial"", ""area"": ""Estrutural""}, {""tipo"": ""CAT"", ""numero"": ""2024/0676"", ""atividade"": ""Fiscalização de obra vertical"", ""area"": ""Estrutural""}, {""tipo"": ""ART"", ""numero"": ""2023/199232"", ""atividade"": ""Fiscalização de obra vertical"", ""area"": ""Estrutural""}]";Engenheiro civil com atuação em concreto armado e fundações profundas. 3 documentos confirmados no Crea.
prof-047;João Dias Ferreira;JF;avatar-verde;Engenheiro agrônomo;CREA-AM 028117/D;2626095131;Tefé;AM;4.6;24;sim;sim;"[""Agronomia"", ""Mecânica""]";"{""Agronomia"": 2}";"[""Georreferenciamento rural"", ""Irrigação"", ""Sistemas agroflorestais"", ""Vasos de pressão (NR-13)""]";"[{""tipo"": ""CAT"", ""numero"": ""2024/1449"", ""atividade"": ""Plano de manejo de solo"", ""area"": ""Agronomia""}, {""tipo"": ""CAT"", ""numero"": ""2022/1487"", ""atividade"": ""Implantação de sistema agroflorestal"", ""area"": ""Agronomia""}]";Engenheiro agrônomo com atuação em georreferenciamento rural e irrigação. 2 documentos confirmados no Crea.
prof-048;Yasmin Farias Castro;YC;;Engenheira ambiental;CREA-AM 041044/D;2685860841;Iranduba;AM;4.9;2;sim;nao;"[""Ambiental""]";"{""Ambiental"": 2}";"[""PGRS"", ""Outorga de água"", ""Estudos de impacto"", ""Licenciamento""]";"[{""tipo"": ""CAT"", ""numero"": ""2023/1668"", ""atividade"": ""Plano de gerenciamento de resíduos"", ""area"": ""Ambiental""}, {""tipo"": ""ART"", ""numero"": ""2022/200374"", ""atividade"": ""Outorga de captação de água"", ""area"": ""Ambiental""}]";Engenheira ambiental com atuação em pgrs e outorga de água. 2 documentos confirmados no Crea.
prof-049;João Carvalho Queiroz;JQ;;Engenheiro ambiental;CREA-AM 037156/D;2664259750;Coari;AM;5.0;6;sim;sim;"[""Ambiental""]";"{""Ambiental"": 1}";"[""Licenciamento"", ""Estudos de impacto"", ""Outorga de água"", ""Monitoramento ambiental""]";"[{""tipo"": ""CAT"", ""numero"": ""2023/2693"", ""atividade"": ""Recuperação de área degradada"", ""area"": ""Ambiental""}]";Engenheiro ambiental com atuação em licenciamento e estudos de impacto. 1 documentos confirmados no Crea.
prof-050;Letícia Carvalho Castro;LC;;Geóloga;Registro em regularização;;Manaus;AM;0;0;nao;nao;"[""Geotecnia""]";{};"[""Estabilidade de taludes"", ""Sondagem"", ""Investigação geotécnica"", ""Hidrogeologia""]";[];Geóloga com atuação em estabilidade de taludes e sondagem. Acervo ainda em formação.
prof-051;Juliana Tavares Vieira;JV;avatar-roxo;Engenheira agrônoma;CREA-AM 032570/D;2672115177;Maués;AM;4.6;18;sim;nao;"[""Agronomia""]";"{""Agronomia"": 2}";"[""Receituário agronômico"", ""Sistemas agroflorestais"", ""Irrigação"", ""Manejo de solo""]";"[{""tipo"": ""ART"", ""numero"": ""2024/200743"", ""atividade"": ""Implantação de sistema agroflorestal"", ""area"": ""Agronomia""}, {""tipo"": ""ART"", ""numero"": ""2025/201451"", ""atividade"": ""Projeto de irrigação de fruticultura"", ""area"": ""Agronomia""}]";Engenheira agrônoma com atuação em receituário agronômico e sistemas agroflorestais. 2 documentos confirmados no Crea.
prof-052;Carolina Barbosa Santos;CS;avatar-verde;Engenheira civil;CREA-AM 037700/D;2686616832;Manaus;AM;4.0;6;sim;sim;"[""BIM""]";"{""BIM"": 1}";"[""Modelagem BIM"", ""Revit"", ""Planejamento de obra""]";"[{""tipo"": ""ART"", ""numero"": ""2023/201941"", ""atividade"": ""Planejamento 4D de obra"", ""area"": ""BIM""}]";Engenheira civil com atuação em modelagem bim e revit. 1 documentos confirmados no Crea.
prof-053;Pedro Almeida Farias;PA;avatar-roxo;Engenheiro civil;CREA-AM 015860/D;2650453096;Humaitá;AM;4.4;18;sim;nao;"[""Estrutural""]";"{""Estrutural"": 2}";"[""Alvenaria estrutural"", ""Fiscalização de obra"", ""Fundações profundas""]";"[{""tipo"": ""ART"", ""numero"": ""2023/202351"", ""atividade"": ""Fiscalização de obra vertical"", ""area"": ""Estrutural""}, {""tipo"": ""CAT"", ""numero"": ""2024/4974"", ""atividade"": ""Reforço estrutural de galpão"", ""area"": ""Estrutural""}]";Engenheiro civil com atuação em alvenaria estrutural e fiscalização de obra. 2 documentos confirmados no Crea.
prof-054;Wagner Tavares Monteiro;WM;avatar-ambar;Engenheiro mecânico;CREA-AM 058807/D;2656226916;Manaus;AM;4.5;18;sim;sim;"[""Mecânica""]";"{""Mecânica"": 6}";"[""Vasos de pressão (NR-13)"", ""Climatização"", ""Montagem industrial""]";"[{""tipo"": ""ART"", ""numero"": ""2024/203854"", ""atividade"": ""Inspeção de vasos de pressão"", ""area"": ""Mecânica""}, {""tipo"": ""CAT"", ""numero"": ""2024/6618"", ""atividade"": ""Sistema de combate a incêndio"", ""area"": ""Mecânica""}, {""tipo"": ""ART"", ""numero"": ""2023/204805"", ""atividade"": ""Inspeção de vasos de pressão"", ""area"": ""Mecânica""}, {""tipo"": ""ART"", ""numero"": ""2026/205128"", ""atividade"": ""Sistema de combate a incêndio"", ""area"": ""Mecânica""}, {""tipo"": ""ART"", ""numero"": ""2024/205178"", ""atividade"": ""Montagem de tubulação industrial"", ""area"": ""Mecânica""}, {""tipo"": ""ART"", ""numero"": ""2022/205895"", ""atividade"": ""Montagem de tubulação industrial"", ""area"": ""Mecânica""}]";Engenheiro mecânico com atuação em vasos de pressão (nr-13) e climatização. 6 documentos confirmados no Crea.
prof-055;Igor Farias Carvalho;IC;avatar-ambar;Engenheiro sanitarista;Registro em regularização;;Boa Vista;RR;3.9;1;nao;nao;"[""Hidráulica"", ""Ambiental""]";{};"[""Drenagem urbana"", ""Hidrossanitário predial"", ""Monitoramento ambiental""]";[];Engenheiro sanitarista com atuação em drenagem urbana e hidrossanitário predial. Acervo ainda em formação.
prof-056;Igor Souza Moraes;IM;;Engenheiro civil;CREA-AM 056932/D;2684059886;Manaus;AM;0;0;sim;sim;"[""BIM""]";"{""BIM"": 2}";"[""Modelagem BIM"", ""Planejamento de obra"", ""Orçamento e SINAPI"", ""Revit""]";"[{""tipo"": ""ART"", ""numero"": ""2024/206174"", ""atividade"": ""Modelagem BIM de edifício comercial"", ""area"": ""BIM""}, {""tipo"": ""ART"", ""numero"": ""2022/206581"", ""atividade"": ""Planejamento 4D de obra"", ""area"": ""BIM""}]";Engenheiro civil com atuação em modelagem bim e planejamento de obra. 2 documentos confirmados no Crea.
prof-057;Ana Tavares Carvalho;AC;avatar-ambar;Engenheira civil;CREA-AM 012371/D;2670498733;Manaus;AM;3.9;15;sim;nao;"[""Estrutural""]";"{""Estrutural"": 1}";"[""Cálculo estrutural"", ""Estruturas metálicas""]";"[{""tipo"": ""CAT"", ""numero"": ""2026/8791"", ""atividade"": ""Laudo de estrutura de concreto"", ""area"": ""Estrutural""}]";Engenheira civil com atuação em cálculo estrutural e estruturas metálicas. 1 documentos confirmados no Crea.
prof-058;Fábio Vieira Dias;FD;avatar-ambar;Engenheiro agrônomo;Registro em regularização;;Manacapuru;AM;0;0;nao;sim;"[""Agronomia""]";{};"[""Receituário agronômico"", ""Georreferenciamento rural""]";[];Engenheiro agrônomo com atuação em receituário agronômico e georreferenciamento rural. Acervo ainda em formação.
prof-059;Ana Menezes Teixeira;AT;avatar-roxo;Engenheira ambiental;CREA-AM 038237/D;2613231370;Manaus;AM;5.0;15;sim;sim;"[""Ambiental""]";"{""Ambiental"": 1}";"[""Estudos de impacto"", ""PGRS"", ""Monitoramento ambiental""]";"[{""tipo"": ""CAT"", ""numero"": ""2023/0442"", ""atividade"": ""Licenciamento ambiental de porto fluvial"", ""area"": ""Ambiental""}]";Engenheira ambiental com atuação em estudos de impacto e pgrs. 1 documentos confirmados no Crea.
prof-060;Aline Menezes Cardoso;AC;avatar-verde;Engenheira eletricista;CREA-AM 021355/D;2627351035;Manaus;AM;4.6;15;sim;nao;"[""Elétrica""]";"{""Elétrica"": 1}";"[""Automação predial"", ""Projeto elétrico"", ""Subestação""]";"[{""tipo"": ""ART"", ""numero"": ""2022/207972"", ""atividade"": ""Laudo de instalações elétricas"", ""area"": ""Elétrica""}]";Engenheira eletricista com atuação em automação predial e projeto elétrico. 1 documentos confirmados no Crea.
prof-eduardo;Eduardo Weber Martins Negreiros;EN;avatar-verde;Engenheiro eletricista;CREA-AM 052318/D;0425731986;Manaus;AM;4.7;4;sim;sim;"[""Elétrica"", ""BIM""]";"{""Elétrica"": 5, ""BIM"": 1}";"[""Projeto elétrico industrial"", ""SPDA e aterramento"", ""Energia solar fotovoltaica"", ""Subestação abrigada"", ""NR-10"", ""BIM · Revit MEP""]";"[{""tipo"": ""ART"", ""numero"": ""2026/214501"", ""atividade"": ""Projeto elétrico e SPDA de galpão logístico"", ""area"": ""Elétrica""}, {""tipo"": ""ART"", ""numero"": ""2026/214388"", ""atividade"": ""Projeto de usina solar fotovoltaica de 150 kWp"", ""area"": ""Elétrica""}, {""tipo"": ""ART"", ""numero"": ""2025/198770"", ""atividade"": ""Laudo de instalações elétricas industriais"", ""area"": ""Elétrica""}, {""tipo"": ""ART"", ""numero"": ""2025/187412"", ""atividade"": ""Projeto de subestação abrigada de 500 kVA"", ""area"": ""Elétrica""}, {""tipo"": ""CAT"", ""numero"": ""2025/0912"", ""atividade"": ""Execução de SPDA e malha de aterramento"", ""area"": ""Elétrica""}, {""tipo"": ""ART"", ""numero"": ""2025/176305"", ""atividade"": ""Compatibilização BIM de instalações elétricas"", ""area"": ""BIM""}]";Engenheiro eletricista (UEA). Projetos elétricos prediais e industriais, SPDA, subestações abrigadas e usinas fotovoltaicas no Amazonas, modelados em BIM. 6 documentos confirmados no Crea.
